applicant_id,age,vehicle_age,prior_claims,accidents,violations,credit_tier,zip_risk,coverage_limit,deductible,risk_score,underwriting_decision,premium_recommendation
1,56,1,0,1,0,Excellent,Medium,25000,500,36.5,Approve,682.5
2,69,12,3,2,1,Poor,Low,25000,2000,100.0,Reject,250.0
3,46,10,3,0,3,Excellent,Low,100000,250,79.0,Refer to Underwriter,7160.0
4,32,10,4,2,2,Good,Medium,25000,500,100.0,Reject,1000.0
5,60,15,2,1,2,Fair,Low,50000,500,98.5,Reject,1985.0
6,25,10,1,0,2,Poor,Medium,250000,250,86.0,Reject,18600.0
7,38,18,2,0,3,Good,Low,250000,2000,86.0,Reject,2325.0
8,56,14,5,1,4,Poor,Medium,25000,2000,100.0,Reject,250.0
9,36,15,5,1,4,Excellent,High,25000,500,100.0,Reject,1000.0
10,40,10,1,1,1,Fair,Medium,25000,500,83.0,Refer to Underwriter,915.0
11,28,15,4,1,4,Excellent,Medium,100000,2000,100.0,Reject,1000.0
12,28,7,1,1,4,Fair,High,250000,2000,100.0,Reject,2500.0
13,41,3,3,0,2,Poor,Low,25000,1000,85.5,Reject,463.75
14,70,7,5,1,2,Poor,High,50000,500,100.0,Reject,2000.0
15,53,3,0,0,1,Excellent,Medium,25000,500,32.5,Approve,662.5
16,57,2,0,0,0,Fair,Low,250000,250,28.0,Approve,12800.0
17,41,2,4,1,1,Fair,High,25000,1000,100.0,Reject,500.0
18,20,17,3,1,1,Poor,Low,250000,2000,100.0,Reject,2500.0
19,39,18,2,3,3,Excellent,Low,25000,1000,100.0,Reject,500.0
20,70,18,3,0,3,Fair,High,50000,2000,100.0,Reject,500.0
21,19,4,0,1,1,Poor,Low,25000,2000,64.0,Approve with Adjusted Premium,205.0
22,41,17,0,1,1,Good,High,50000,1000,88.5,Reject,942.5
23,61,9,5,1,1,Excellent,Medium,50000,500,100.0,Reject,2000.0
24,47,5,3,3,4,Good,Low,25000,2000,100.0,Reject,250.0
25,55,0,3,3,3,Excellent,Medium,50000,1000,100.0,Reject,1000.0
26,19,4,0,2,1,Poor,Medium,100000,250,89.0,Reject,7560.0
27,38,8,2,0,2,Fair,Low,25000,1000,73.0,Refer to Underwriter,432.5
28,50,11,4,2,2,Fair,High,25000,250,100.0,Reject,2000.0
29,29,13,4,1,4,Fair,Low,50000,2000,100.0,Reject,500.0
30,39,1,3,3,4,Excellent,Medium,50000,1000,100.0,Reject,1000.0
31,61,16,4,3,0,Poor,Medium,25000,1000,100.0,Reject,500.0
32,42,13,0,2,0,Good,High,100000,250,89.5,Reject,7580.0
33,66,12,0,3,0,Poor,Low,50000,1000,98.0,Reject,990.0
34,44,8,3,1,4,Good,Medium,50000,1000,100.0,Reject,1000.0
35,59,14,3,3,4,Excellent,Medium,250000,2000,100.0,Reject,2500.0
36,45,14,5,2,4,Excellent,Medium,100000,1000,100.0,Reject,2000.0
37,33,10,3,1,2,Good,High,100000,500,100.0,Reject,4000.0
38,32,15,2,2,4,Good,Medium,25000,250,100.0,Reject,2000.0
39,64,16,4,3,2,Good,Medium,100000,1000,100.0,Reject,2000.0
40,68,3,3,2,0,Poor,Low,25000,250,99.5,Reject,1995.0
41,61,0,1,2,0,Good,Low,250000,250,55.0,Approve with Adjusted Premium,15500.0
42,72,7,5,0,0,Excellent,Medium,100000,250,80.5,Refer to Underwriter,7220.0
43,69,16,1,3,1,Excellent,Medium,50000,1000,100.0,Reject,1000.0
44,74,2,0,3,1,Fair,Low,250000,1000,81.0,Refer to Underwriter,4525.0
45,20,19,4,2,3,Good,High,25000,250,100.0,Reject,2000.0
46,54,14,3,0,3,Poor,High,250000,500,100.0,Reject,10000.0
47,68,14,1,3,3,Poor,High,25000,250,100.0,Reject,2000.0
48,24,13,4,1,1,Poor,High,250000,500,100.0,Reject,10000.0
49,38,13,0,2,1,Fair,High,25000,250,100.0,Reject,2000.0
50,26,1,2,3,3,Excellent,High,100000,2000,100.0,Reject,1000.0
51,56,12,5,1,3,Poor,High,50000,250,100.0,Reject,4000.0
52,35,13,4,3,4,Excellent,High,25000,250,100.0,Reject,2000.0
53,21,18,4,1,3,Fair,Low,250000,1000,100.0,Reject,5000.0
54,42,6,2,2,4,Good,High,25000,500,100.0,Reject,1000.0
55,31,2,4,3,2,Good,High,25000,2000,100.0,Reject,250.0
56,67,14,0,3,1,Good,High,25000,500,100.0,Reject,1000.0
57,26,13,0,0,3,Poor,Medium,250000,2000,88.5,Reject,2356.25
58,43,10,2,2,1,Good,Low,50000,250,88.0,Reject,3760.0
59,70,14,5,1,1,Poor,Low,100000,1000,100.0,Reject,2000.0
60,19,12,3,3,1,Fair,Low,50000,1000,100.0,Reject,1000.0
61,37,17,1,3,2,Fair,High,25000,500,100.0,Reject,1000.0
62,45,5,3,1,0,Poor,High,250000,1000,100.0,Reject,5000.0
63,64,2,4,2,3,Excellent,Medium,50000,500,100.0,Reject,2000.0
64,24,18,1,0,0,Good,Low,25000,500,52.0,Approve with Adjusted Premium,760.0
65,61,14,2,0,0,Good,High,100000,2000,81.0,Refer to Underwriter,905.0
66,25,4,2,3,0,Good,Low,100000,500,86.0,Reject,3720.0
67,64,9,5,1,1,Poor,Medium,100000,2000,100.0,Reject,1000.0
68,52,6,1,3,4,Fair,Medium,25000,1000,100.0,Reject,500.0
69,31,16,0,1,1,Good,Medium,250000,500,72.0,Refer to Underwriter,8600.0
70,34,6,1,0,1,Fair,Low,50000,500,52.0,Approve with Adjusted Premium,1520.0
71,53,11,4,2,0,Good,High,100000,250,100.0,Reject,8000.0
72,67,16,0,1,1,Good,High,25000,500,87.0,Reject,935.0
73,57,12,2,0,0,Poor,Medium,25000,500,83.0,Refer to Underwriter,915.0
74,21,19,1,3,4,Excellent,High,50000,250,100.0,Reject,4000.0
75,19,3,3,1,3,Poor,Medium,100000,250,100.0,Reject,8000.0
76,23,9,5,2,0,Good,Low,25000,1000,100.0,Reject,500.0
77,71,2,3,3,4,Good,Medium,50000,500,100.0,Reject,2000.0
78,59,8,5,3,3,Excellent,Low,250000,1000,100.0,Reject,5000.0
79,21,12,4,0,2,Fair,Medium,250000,1000,100.0,Reject,5000.0
80,71,17,3,1,0,Fair,High,250000,250,100.0,Reject,20000.0
81,46,14,1,3,0,Good,High,100000,2000,100.0,Reject,1000.0
82,35,3,1,2,2,Fair,Medium,50000,1000,95.5,Reject,977.5
83,43,14,3,1,2,Good,High,50000,2000,100.0,Reject,500.0
84,61,1,1,2,0,Excellent,High,25000,500,76.5,Refer to Underwriter,882.5
85,51,14,4,3,2,Excellent,High,25000,250,100.0,Reject,2000.0
86,27,7,0,2,1,Good,Low,25000,500,63.5,Approve with Adjusted Premium,817.5
87,53,7,4,0,3,Excellent,High,50000,500,100.0,Reject,2000.0
88,31,16,5,2,3,Poor,Low,25000,250,100.0,Reject,2000.0
89,48,11,4,1,3,Poor,Medium,50000,500,100.0,Reject,2000.0
90,65,18,5,2,1,Excellent,High,50000,250,100.0,Reject,4000.0
91,32,9,1,2,2,Good,High,250000,2000,100.0,Reject,2500.0
92,25,8,0,0,4,Good,High,25000,500,84.0,Refer to Underwriter,920.0
93,31,4,1,2,2,Excellent,Medium,250000,250,82.0,Refer to Underwriter,18200.0
94,40,5,2,2,0,Fair,Low,100000,1000,82.5,Refer to Underwriter,1825.0
95,74,19,1,3,3,Poor,Low,100000,500,100.0,Reject,4000.0
96,57,1,5,3,2,Fair,High,100000,2000,100.0,Reject,1000.0
97,38,12,1,1,4,Good,Medium,50000,250,100.0,Reject,4000.0
98,33,5,1,3,0,Good,Medium,50000,500,87.5,Reject,1875.0
99,62,4,0,3,1,Fair,Medium,50000,500,94.0,Reject,1940.0
100,35,0,1,3,1,Excellent,Medium,25000,500,83.0,Refer to Underwriter,915.0
101,64,5,0,3,4,Fair,Medium,250000,2000,100.0,Reject,2500.0
102,70,5,3,0,0,Fair,Low,50000,250,62.5,Approve with Adjusted Premium,3250.0
103,41,15,2,3,3,Poor,Low,250000,1000,100.0,Reject,5000.0
104,43,3,0,0,2,Poor,Low,250000,1000,55.5,Approve with Adjusted Premium,3887.5
105,42,10,5,0,0,Fair,High,250000,1000,100.0,Reject,5000.0
106,62,8,3,3,1,Fair,Medium,25000,250,100.0,Reject,2000.0
107,58,2,0,2,4,Good,High,25000,1000,100.0,Reject,500.0
108,46,18,0,0,4,Poor,Medium,100000,2000,100.0,Reject,1000.0
109,32,7,2,2,2,Poor,Low,100000,250,100.0,Reject,8000.0
110,62,4,5,2,4,Good,High,250000,500,100.0,Reject,10000.0
111,18,3,4,3,4,Excellent,Low,100000,2000,100.0,Reject,1000.0
112,42,5,4,1,0,Poor,Medium,250000,500,100.0,Reject,10000.0
113,24,1,0,3,3,Poor,Medium,25000,1000,100.0,Reject,500.0
114,26,19,1,1,2,Excellent,Medium,25000,2000,89.5,Reject,236.88
115,41,10,5,1,0,Poor,Low,25000,250,100.0,Reject,2000.0
116,18,3,3,3,3,Poor,Medium,50000,2000,100.0,Reject,500.0
117,61,14,1,3,0,Excellent,Low,250000,500,86.0,Reject,9300.0
118,25,5,1,1,0,Excellent,High,25000,250,67.5,Approve with Adjusted Premium,1675.0
119,41,16,5,3,4,Fair,Medium,250000,2000,100.0,Reject,2500.0
120,28,5,0,1,3,Good,Medium,100000,2000,71.5,Refer to Underwriter,857.5
121,68,18,0,2,2,Good,Medium,100000,2000,98.0,Reject,990.0
122,34,1,0,3,2,Excellent,High,25000,2000,97.5,Reject,246.88
123,25,14,0,2,3,Excellent,Medium,250000,250,95.0,Reject,19500.0
124,52,10,4,0,4,Poor,Low,25000,500,100.0,Reject,1000.0
125,52,7,0,2,1,Fair,Low,100000,2000,73.5,Refer to Underwriter,867.5
126,50,18,4,2,0,Fair,Medium,25000,250,100.0,Reject,2000.0
127,22,12,4,1,4,Excellent,Medium,250000,500,100.0,Reject,10000.0
128,59,11,0,2,3,Poor,High,100000,2000,100.0,Reject,1000.0
129,56,4,2,3,0,Poor,High,50000,500,100.0,Reject,2000.0
130,58,5,3,1,2,Good,High,100000,500,100.0,Reject,4000.0
131,45,3,1,0,1,Good,Medium,50000,250,47.5,Approve with Adjusted Premium,2950.0
132,24,18,4,3,2,Poor,High,25000,500,100.0,Reject,1000.0
133,26,19,5,0,3,Good,High,25000,250,100.0,Reject,2000.0
134,25,0,5,2,0,Excellent,Low,250000,2000,90.0,Reject,2375.0
135,29,19,3,3,3,Poor,High,50000,500,100.0,Reject,2000.0
136,51,16,5,3,0,Good,Low,25000,500,100.0,Reject,1000.0
137,50,11,2,0,4,Fair,Low,50000,1000,93.5,Reject,967.5
138,65,14,5,3,1,Poor,High,25000,2000,100.0,Reject,250.0
139,72,0,1,3,4,Poor,Low,100000,2000,100.0,Reject,1000.0
140,40,13,1,3,4,Fair,Medium,25000,1000,100.0,Reject,500.0
141,41,5,4,2,3,Excellent,Medium,250000,1000,100.0,Reject,5000.0
142,54,4,0,0,1,Fair,High,100000,250,64.0,Approve with Adjusted Premium,6560.0
143,52,10,2,3,0,Poor,Medium,250000,250,100.0,Reject,20000.0
144,61,3,4,1,0,Excellent,Low,100000,500,69.5,Approve with Adjusted Premium,3390.0
145,57,12,2,1,2,Good,Medium,50000,500,94.0,Reject,1940.0
146,39,10,0,1,0,Good,High,250000,500,70.0,Refer to Underwriter,8500.0
147,44,2,5,1,3,Good,High,25000,500,100.0,Reject,1000.0
148,52,0,5,2,4,Poor,Low,50000,250,100.0,Reject,4000.0
149,18,5,0,3,4,Fair,High,25000,2000,100.0,Reject,250.0
150,52,17,4,0,4,Excellent,Medium,100000,500,100.0,Reject,4000.0
151,54,9,0,3,1,Good,High,100000,2000,100.0,Reject,1000.0
152,64,4,3,2,0,Excellent,Low,25000,500,76.0,Refer to Underwriter,880.0
153,31,9,1,1,3,Poor,High,25000,1000,100.0,Reject,500.0
154,20,11,4,2,1,Good,Medium,50000,500,100.0,Reject,2000.0
155,18,1,2,3,2,Poor,Low,25000,500,100.0,Reject,1000.0
156,22,12,3,0,3,Fair,Medium,250000,500,100.0,Reject,10000.0
157,43,7,4,2,3,Poor,Low,250000,250,100.0,Reject,20000.0
158,72,1,0,0,3,Poor,High,25000,1000,85.5,Reject,463.75
159,31,19,0,2,4,Fair,Low,250000,500,100.0,Reject,10000.0
160,56,0,0,0,3,Excellent,Low,25000,500,34.0,Approve,670.0
161,44,4,0,0,0,Fair,High,50000,2000,56.0,Approve with Adjusted Premium,390.0
162,26,8,2,1,3,Fair,Medium,250000,1000,100.0,Reject,5000.0
163,32,16,3,0,4,Poor,High,250000,500,100.0,Reject,10000.0
164,32,8,5,1,3,Excellent,Low,25000,2000,100.0,Reject,250.0
165,43,10,1,3,2,Good,High,250000,2000,100.0,Reject,2500.0
166,59,14,2,3,2,Fair,Low,100000,250,100.0,Reject,8000.0
167,30,5,2,1,4,Excellent,High,50000,2000,100.0,Reject,500.0
168,68,2,5,1,0,Fair,High,50000,500,100.0,Reject,2000.0
169,49,16,5,2,0,Fair,Medium,250000,250,100.0,Reject,20000.0
170,56,4,1,2,1,Fair,Low,250000,250,79.0,Refer to Underwriter,17900.0
171,66,11,1,2,4,Fair,Medium,100000,500,100.0,Reject,4000.0
172,69,17,5,3,3,Poor,Low,100000,1000,100.0,Reject,2000.0
173,49,13,0,2,4,Excellent,High,250000,2000,100.0,Reject,2500.0
174,21,10,2,0,1,Excellent,Low,250000,250,53.0,Approve with Adjusted Premium,15300.0
175,47,8,4,0,4,Excellent,Medium,100000,1000,100.0,Reject,2000.0
176,54,1,1,2,4,Fair,Medium,25000,500,100.0,Reject,1000.0
177,40,11,1,0,1,Poor,Medium,100000,2000,79.5,Refer to Underwriter,897.5
178,56,2,5,3,0,Fair,Low,25000,2000,100.0,Reject,250.0
179,62,2,3,0,3,Fair,Medium,50000,250,92.0,Reject,3840.0
180,32,0,4,3,1,Excellent,Medium,50000,2000,100.0,Reject,500.0
181,60,7,4,1,2,Fair,Medium,100000,2000,100.0,Reject,1000.0
182,46,7,1,1,0,Good,High,25000,2000,75.5,Refer to Underwriter,219.38
183,53,10,0,1,2,Fair,High,100000,2000,96.0,Reject,980.0
184,30,8,3,1,0,Good,Low,100000,500,72.0,Refer to Underwriter,3440.0
185,49,4,4,0,3,Fair,Low,25000,1000,95.0,Reject,487.5
186,24,13,1,2,3,Poor,Medium,100000,500,100.0,Reject,4000.0
187,68,2,4,0,4,Poor,High,50000,500,100.0,Reject,2000.0
188,39,4,3,3,2,Excellent,Medium,250000,250,100.0,Reject,20000.0
189,45,4,3,0,0,Fair,Medium,250000,2000,71.0,Refer to Underwriter,2137.5
190,19,18,2,0,3,Good,High,100000,500,100.0,Reject,4000.0
191,59,13,5,3,1,Good,High,25000,2000,100.0,Reject,250.0
192,62,3,5,1,3,Fair,High,25000,500,100.0,Reject,1000.0
193,74,12,1,1,1,Good,Low,50000,500,66.0,Approve with Adjusted Premium,1660.0
194,70,9,3,1,0,Poor,Low,25000,250,93.5,Reject,1935.0
195,23,17,2,2,3,Good,Medium,25000,1000,100.0,Reject,500.0
196,45,7,2,3,3,Excellent,Low,50000,1000,100.0,Reject,1000.0
197,45,7,4,3,0,Poor,High,100000,500,100.0,Reject,4000.0
198,61,6,4,0,3,Poor,High,250000,250,100.0,Reject,20000.0
199,61,7,2,2,1,Poor,Low,50000,2000,100.0,Reject,500.0
200,37,13,4,1,3,Fair,Medium,100000,2000,100.0,Reject,1000.0
201,47,18,3,2,2,Fair,Medium,50000,500,100.0,Reject,2000.0
202,28,5,0,3,4,Poor,Low,100000,1000,100.0,Reject,2000.0
203,72,0,3,3,1,Fair,Medium,50000,250,100.0,Reject,4000.0
204,45,14,2,0,2,Good,Medium,100000,1000,82.0,Refer to Underwriter,1820.0
205,42,0,2,0,0,Fair,Medium,50000,2000,55.0,Approve with Adjusted Premium,387.5
206,56,16,3,3,1,Fair,High,100000,1000,100.0,Reject,2000.0
207,50,0,4,1,4,Poor,High,50000,2000,100.0,Reject,500.0
208,18,14,4,1,4,Excellent,Low,250000,250,100.0,Reject,20000.0
209,74,1,5,2,0,Excellent,High,250000,250,100.0,Reject,20000.0
210,44,13,2,3,0,Excellent,Medium,25000,500,100.0,Reject,1000.0
211,74,7,1,3,1,Good,High,100000,500,100.0,Reject,4000.0
212,69,7,5,1,3,Fair,Low,50000,1000,100.0,Reject,1000.0
213,30,18,4,1,0,Excellent,High,100000,250,100.0,Reject,8000.0
214,58,6,3,3,3,Poor,Medium,250000,250,100.0,Reject,20000.0
215,20,18,4,0,2,Excellent,Medium,100000,500,100.0,Reject,4000.0
216,56,5,3,3,4,Excellent,Low,50000,2000,100.0,Reject,500.0
217,23,5,5,3,3,Fair,High,100000,1000,100.0,Reject,2000.0
218,25,2,2,1,4,Fair,High,50000,1000,100.0,Reject,1000.0
219,44,6,4,1,3,Fair,High,250000,500,100.0,Reject,10000.0
220,26,18,3,0,2,Good,Medium,250000,250,98.0,Reject,19800.0
221,54,7,2,0,0,Good,Low,250000,500,45.5,Approve with Adjusted Premium,7275.0
222,50,9,1,2,2,Excellent,High,25000,500,100.0,Reject,1000.0
223,68,19,3,3,0,Fair,Medium,250000,500,100.0,Reject,10000.0
224,59,14,5,1,0,Excellent,Medium,100000,500,100.0,Reject,4000.0
225,61,14,1,0,4,Poor,Medium,25000,2000,100.0,Reject,250.0
226,41,0,1,2,2,Poor,High,250000,2000,100.0,Reject,2500.0
227,32,19,0,2,3,Fair,High,100000,250,100.0,Reject,8000.0
228,71,6,4,1,2,Fair,High,100000,500,100.0,Reject,4000.0
229,49,3,3,1,4,Poor,High,100000,2000,100.0,Reject,1000.0
230,49,5,1,2,0,Fair,High,50000,250,97.5,Reject,3950.0
231,41,0,0,0,4,Good,High,25000,500,72.0,Refer to Underwriter,860.0
232,58,4,5,2,1,Good,High,100000,1000,100.0,Reject,2000.0
233,69,0,2,3,1,Fair,High,50000,2000,100.0,Reject,500.0
234,66,3,3,3,3,Poor,High,250000,250,100.0,Reject,20000.0
235,66,1,1,1,4,Excellent,Medium,100000,1000,78.5,Refer to Underwriter,1785.0
236,69,9,4,0,3,Fair,High,50000,500,100.0,Reject,2000.0
237,29,4,0,0,3,Fair,Low,100000,500,55.0,Approve with Adjusted Premium,3100.0
238,56,9,1,3,1,Excellent,Medium,25000,500,96.5,Reject,982.5
239,19,0,4,2,3,Fair,High,25000,2000,100.0,Reject,250.0
240,20,5,1,1,1,Excellent,Low,250000,250,50.5,Approve with Adjusted Premium,15050.0
241,66,12,3,2,0,Poor,High,100000,1000,100.0,Reject,2000.0
242,54,14,3,2,4,Good,Low,50000,250,100.0,Reject,4000.0
243,66,3,3,2,3,Poor,Low,250000,2000,100.0,Reject,2500.0
244,73,12,5,0,1,Good,Low,100000,250,91.0,Reject,7640.0
245,34,19,5,3,2,Excellent,Low,250000,2000,100.0,Reject,2500.0
246,66,14,0,0,3,Good,Medium,50000,500,70.0,Refer to Underwriter,1700.0
247,19,7,3,3,0,Poor,Medium,250000,1000,100.0,Reject,5000.0
248,19,4,4,1,0,Good,Low,250000,500,76.0,Refer to Underwriter,8800.0
249,45,14,1,1,2,Excellent,High,250000,250,97.0,Reject,19700.0
250,71,3,2,2,1,Good,Low,100000,500,77.5,Refer to Underwriter,3550.0
251,40,11,4,3,3,Fair,Medium,50000,1000,100.0,Reject,1000.0
252,54,12,5,3,1,Poor,High,25000,500,100.0,Reject,1000.0
253,49,1,5,3,0,Fair,Medium,100000,1000,100.0,Reject,2000.0
254,50,18,4,2,1,Excellent,Medium,25000,1000,100.0,Reject,500.0
255,18,18,5,2,0,Good,High,25000,500,100.0,Reject,1000.0
256,36,3,3,1,1,Fair,Low,100000,2000,82.5,Refer to Underwriter,912.5
257,19,3,0,0,2,Fair,Low,100000,250,45.5,Approve with Adjusted Premium,5820.0
258,70,10,1,3,4,Good,Low,50000,2000,100.0,Reject,500.0
259,61,4,0,3,2,Good,Low,50000,2000,82.0,Refer to Underwriter,455.0
260,43,19,1,0,2,Poor,High,250000,500,100.0,Reject,10000.0
261,49,10,1,3,4,Fair,High,25000,250,100.0,Reject,2000.0
262,23,9,0,2,4,Fair,High,50000,250,100.0,Reject,4000.0
263,49,7,4,2,3,Excellent,Medium,250000,2000,100.0,Reject,2500.0
264,72,5,1,3,3,Poor,High,50000,500,100.0,Reject,2000.0
265,21,5,0,2,2,Excellent,Low,100000,250,63.5,Approve with Adjusted Premium,6540.0
266,72,7,1,2,2,Fair,Medium,50000,2000,100.0,Reject,500.0
267,28,14,2,3,0,Excellent,Low,25000,250,96.0,Reject,1960.0
268,73,13,4,1,0,Fair,Low,50000,500,99.5,Reject,1995.0
269,34,10,3,0,3,Fair,High,25000,500,100.0,Reject,1000.0
270,55,11,1,2,3,Excellent,High,100000,500,100.0,Reject,4000.0
271,41,12,2,1,0,Excellent,Low,25000,250,63.0,Approve with Adjusted Premium,1630.0
272,22,7,3,2,0,Good,Low,50000,1000,85.5,Reject,927.5
273,69,17,3,2,1,Good,Medium,250000,250,100.0,Reject,20000.0
274,51,0,1,0,1,Good,High,100000,1000,58.0,Approve with Adjusted Premium,1580.0
275,23,14,0,2,0,Fair,Medium,50000,500,86.0,Reject,1860.0
276,39,7,1,0,1,Excellent,Medium,100000,2000,48.5,Approve with Adjusted Premium,742.5
277,28,10,2,0,4,Poor,Medium,100000,1000,100.0,Reject,2000.0
278,65,11,3,0,3,Fair,Low,50000,500,95.5,Reject,1955.0
279,33,11,1,1,3,Poor,Medium,50000,500,100.0,Reject,2000.0
280,50,3,0,3,0,Excellent,Medium,250000,1000,69.5,Approve with Adjusted Premium,4237.5
281,26,15,1,1,2,Fair,Low,100000,2000,88.5,Reject,942.5
282,23,3,4,3,0,Poor,High,100000,500,100.0,Reject,4000.0
283,33,4,0,3,1,Poor,High,50000,1000,100.0,Reject,1000.0
284,46,4,2,0,2,Good,Medium,25000,2000,67.0,Approve with Adjusted Premium,208.75
285,20,7,3,2,1,Good,Low,50000,2000,93.5,Reject,483.75
286,37,9,1,0,4,Good,High,100000,500,95.5,Reject,3910.0
287,53,16,0,2,1,Fair,Medium,50000,250,97.0,Reject,3940.0
288,36,8,4,3,4,Excellent,Medium,250000,250,100.0,Reject,20000.0
289,43,18,0,0,4,Excellent,Low,25000,500,69.0,Approve with Adjusted Premium,845.0
290,20,13,5,2,1,Good,Medium,50000,2000,100.0,Reject,500.0
291,36,7,4,1,1,Good,High,250000,500,100.0,Reject,10000.0
292,37,8,2,2,4,Good,Low,100000,1000,100.0,Reject,2000.0
293,49,10,3,0,2,Poor,High,50000,250,100.0,Reject,4000.0
294,24,0,2,1,4,Good,High,100000,1000,100.0,Reject,2000.0
295,69,13,1,2,3,Poor,High,250000,500,100.0,Reject,10000.0
296,58,4,0,2,4,Excellent,Medium,100000,500,88.0,Reject,3760.0
297,50,13,5,2,2,Fair,Medium,250000,2000,100.0,Reject,2500.0
298,57,3,4,2,3,Fair,High,250000,2000,100.0,Reject,2500.0
299,56,0,4,2,0,Fair,High,250000,2000,100.0,Reject,2500.0
300,35,18,0,1,0,Fair,Low,50000,1000,67.0,Approve with Adjusted Premium,835.0
301,57,7,5,3,2,Poor,Low,100000,2000,100.0,Reject,1000.0
302,18,14,0,1,4,Poor,Medium,100000,500,100.0,Reject,4000.0
303,28,14,1,1,1,Good,Medium,25000,2000,79.0,Refer to Underwriter,223.75
304,45,8,2,1,2,Poor,Low,25000,250,98.0,Reject,1980.0
305,74,8,4,3,3,Good,High,25000,2000,100.0,Reject,250.0
306,42,9,1,0,3,Good,Medium,25000,1000,72.5,Refer to Underwriter,431.25
307,67,19,2,3,0,Fair,High,100000,250,100.0,Reject,8000.0
308,40,8,1,1,3,Poor,Low,250000,250,96.0,Reject,19600.0
309,48,2,5,2,2,Poor,Medium,250000,250,100.0,Reject,20000.0
310,47,19,4,2,3,Good,Medium,50000,1000,100.0,Reject,1000.0
311,59,10,0,1,2,Good,Low,250000,500,61.0,Approve with Adjusted Premium,8050.0
312,52,5,0,2,1,Excellent,Medium,100000,2000,65.5,Approve with Adjusted Premium,827.5
313,24,1,2,1,0,Excellent,Low,100000,250,46.5,Approve with Adjusted Premium,5860.0
314,33,6,3,2,3,Good,Medium,100000,250,100.0,Reject,8000.0
315,43,17,5,3,2,Excellent,Low,50000,250,100.0,Reject,4000.0
316,65,1,2,0,4,Excellent,Medium,25000,500,73.5,Refer to Underwriter,867.5
317,74,16,3,0,0,Good,High,250000,500,94.0,Reject,9700.0
318,69,10,1,3,1,Good,High,100000,1000,100.0,Reject,2000.0
319,66,11,5,3,2,Poor,High,100000,500,100.0,Reject,4000.0
320,19,18,1,1,1,Good,Medium,25000,2000,85.0,Reject,231.25
321,18,6,4,1,1,Good,Medium,100000,1000,97.0,Reject,1970.0
322,65,19,5,1,3,Fair,High,250000,1000,100.0,Reject,5000.0
323,29,5,3,2,3,Poor,High,50000,2000,100.0,Reject,500.0
324,22,0,4,1,2,Poor,Low,100000,2000,100.0,Reject,1000.0
325,54,16,0,3,4,Poor,Low,250000,2000,100.0,Reject,2500.0
326,49,10,3,0,2,Fair,Low,100000,1000,86.0,Reject,1860.0
327,72,17,2,2,4,Good,High,25000,1000,100.0,Reject,500.0
328,26,16,0,1,1,Poor,High,100000,1000,100.0,Reject,2000.0
329,58,6,0,2,0,Poor,High,100000,2000,99.0,Reject,995.0
330,52,16,2,2,2,Excellent,Low,50000,2000,100.0,Reject,500.0
331,36,19,5,1,2,Poor,Medium,25000,250,100.0,Reject,2000.0
332,65,8,0,2,4,Good,High,25000,500,100.0,Reject,1000.0
333,33,16,3,0,1,Good,Medium,50000,250,87.0,Reject,3740.0
334,20,19,4,3,1,Excellent,Medium,100000,2000,100.0,Reject,1000.0
335,37,7,0,3,4,Poor,Medium,250000,1000,100.0,Reject,5000.0
336,41,16,3,0,1,Poor,Low,25000,2000,97.0,Reject,246.25
337,71,6,1,2,3,Poor,Medium,25000,500,100.0,Reject,1000.0
338,73,0,3,1,0,Fair,High,100000,250,95.0,Reject,7800.0
339,50,12,4,2,2,Poor,Low,100000,250,100.0,Reject,8000.0
340,41,18,3,0,0,Good,High,25000,1000,97.0,Reject,492.5
341,69,18,2,2,2,Good,High,100000,250,100.0,Reject,8000.0
342,28,16,4,3,3,Fair,Low,250000,250,100.0,Reject,20000.0
343,66,12,5,2,1,Fair,High,25000,2000,100.0,Reject,250.0
344,25,15,1,0,4,Poor,High,250000,250,100.0,Reject,20000.0
345,53,7,2,3,3,Excellent,Low,250000,250,100.0,Reject,20000.0
346,55,18,5,2,0,Fair,High,100000,250,100.0,Reject,8000.0
347,57,17,3,2,4,Fair,Medium,250000,1000,100.0,Reject,5000.0
348,37,0,4,3,1,Poor,High,100000,1000,100.0,Reject,2000.0
349,52,13,1,1,3,Poor,Medium,50000,2000,100.0,Reject,500.0
350,65,18,2,3,4,Fair,High,100000,250,100.0,Reject,8000.0
351,42,14,5,1,3,Excellent,Low,250000,1000,100.0,Reject,5000.0
352,52,17,5,0,3,Fair,Low,50000,1000,100.0,Reject,1000.0
353,42,1,1,0,1,Poor,High,100000,2000,79.5,Refer to Underwriter,897.5
354,46,16,3,3,2,Poor,Low,250000,500,100.0,Reject,10000.0
355,35,17,1,3,4,Fair,High,25000,250,100.0,Reject,2000.0
356,63,5,5,0,1,Excellent,Low,25000,1000,75.5,Refer to Underwriter,438.75
357,35,18,0,1,3,Fair,Medium,100000,2000,100.0,Reject,1000.0
358,19,3,2,0,1,Fair,High,100000,2000,82.5,Refer to Underwriter,912.5
359,71,0,1,3,2,Poor,Medium,25000,2000,100.0,Reject,250.0
360,52,7,5,0,4,Excellent,Medium,250000,1000,100.0,Reject,5000.0
361,33,6,3,3,2,Good,High,250000,250,100.0,Reject,20000.0
362,58,2,5,3,0,Excellent,Medium,250000,500,100.0,Reject,10000.0
363,53,9,3,0,4,Fair,High,100000,250,100.0,Reject,8000.0
364,50,9,1,1,2,Fair,Medium,50000,2000,89.5,Reject,473.75
365,21,18,3,2,3,Fair,High,50000,2000,100.0,Reject,500.0
366,50,13,4,0,4,Excellent,High,50000,500,100.0,Reject,2000.0
367,31,1,4,2,4,Poor,Low,50000,250,100.0,Reject,4000.0
368,38,0,4,0,1,Fair,High,50000,2000,98.0,Reject,495.0
369,65,17,0,2,3,Fair,High,100000,2000,100.0,Reject,1000.0
370,37,6,1,1,0,Excellent,Medium,100000,250,54.0,Approve with Adjusted Premium,6160.0
371,73,7,5,1,2,Good,High,50000,2000,100.0,Reject,500.0
372,25,0,5,0,1,Good,Low,100000,250,73.0,Refer to Underwriter,6920.0
373,24,2,0,3,2,Poor,Medium,100000,2000,100.0,Reject,1000.0
374,20,7,3,2,0,Poor,Medium,50000,250,100.0,Reject,4000.0
375,34,14,0,3,0,Fair,Low,250000,500,91.0,Reject,9550.0
376,50,4,3,3,4,Excellent,Medium,100000,2000,100.0,Reject,1000.0
377,65,2,3,3,0,Fair,Medium,250000,500,100.0,Reject,10000.0
378,29,18,2,1,2,Poor,Medium,100000,2000,100.0,Reject,1000.0
379,68,0,5,0,3,Excellent,Medium,100000,2000,94.0,Reject,970.0
380,39,14,4,0,3,Excellent,Low,50000,1000,95.0,Reject,975.0
381,72,7,3,1,4,Poor,Low,100000,250,100.0,Reject,8000.0
382,39,1,2,1,2,Good,Medium,25000,500,77.5,Refer to Underwriter,887.5
383,63,2,5,0,2,Good,Medium,25000,500,94.0,Reject,970.0
384,47,13,4,3,0,Excellent,Low,50000,500,100.0,Reject,2000.0
385,55,13,3,2,2,Fair,Low,250000,250,100.0,Reject,20000.0
386,55,10,3,2,1,Good,Low,250000,1000,98.0,Reject,4950.0
387,62,15,0,2,0,Fair,Medium,250000,500,87.5,Reject,9375.0
388,68,3,0,3,1,Good,Medium,25000,250,82.5,Refer to Underwriter,1825.0
389,71,19,5,0,4,Good,High,250000,2000,100.0,Reject,2500.0
390,25,4,4,1,3,Fair,Low,250000,500,100.0,Reject,10000.0
391,44,13,3,0,4,Poor,Medium,50000,500,100.0,Reject,2000.0
392,44,15,5,3,3,Good,Low,250000,1000,100.0,Reject,5000.0
393,51,17,5,1,4,Good,Medium,25000,500,100.0,Reject,1000.0
394,38,6,1,3,2,Fair,Low,25000,500,100.0,Reject,1000.0
395,47,9,0,2,1,Poor,Medium,25000,2000,96.5,Reject,245.62
396,50,6,4,2,3,Good,High,50000,250,100.0,Reject,4000.0
397,45,0,3,3,0,Good,High,50000,250,100.0,Reject,4000.0
398,64,18,5,1,1,Poor,Low,100000,1000,100.0,Reject,2000.0
399,50,15,3,1,0,Good,Medium,250000,2000,92.5,Reject,2406.25
400,22,18,1,0,1,Poor,Medium,50000,250,90.0,Reject,3800.0
401,65,3,4,2,1,Poor,Low,25000,2000,100.0,Reject,250.0
402,36,17,5,0,4,Fair,Medium,25000,250,100.0,Reject,2000.0
403,21,1,3,0,3,Excellent,Low,50000,2000,65.5,Approve with Adjusted Premium,413.75
404,52,0,0,3,3,Poor,Medium,50000,1000,100.0,Reject,1000.0
405,66,14,1,3,1,Fair,Low,50000,500,100.0,Reject,2000.0
406,34,4,4,0,2,Excellent,Medium,100000,1000,82.0,Refer to Underwriter,1820.0
407,61,19,1,2,2,Good,Low,25000,250,99.5,Reject,1995.0
408,45,10,0,3,0,Excellent,Medium,100000,1000,80.0,Refer to Underwriter,1800.0
409,47,9,4,0,0,Poor,High,100000,500,100.0,Reject,4000.0
410,46,1,1,0,4,Poor,Medium,250000,1000,88.5,Reject,4712.5
411,63,2,2,0,1,Poor,Low,25000,250,66.0,Approve with Adjusted Premium,1660.0
412,70,11,0,0,0,Poor,High,25000,250,76.5,Refer to Underwriter,1765.0
413,23,19,0,0,0,Poor,Medium,50000,1000,73.5,Refer to Underwriter,867.5
414,52,4,0,0,1,Fair,High,50000,500,64.0,Approve with Adjusted Premium,1640.0
415,58,4,2,3,4,Poor,Medium,250000,1000,100.0,Reject,5000.0
416,54,5,2,2,0,Fair,High,100000,500,100.0,Reject,4000.0
417,41,8,3,0,4,Good,Low,50000,2000,89.0,Reject,472.5
418,46,1,5,1,3,Poor,Medium,50000,500,100.0,Reject,2000.0
419,66,11,1,3,4,Poor,Medium,25000,2000,100.0,Reject,250.0
420,63,2,3,3,2,Excellent,Low,25000,1000,100.0,Reject,500.0
421,70,19,1,0,2,Good,High,50000,500,94.5,Reject,1945.0
422,48,11,5,3,4,Poor,Low,25000,2000,100.0,Reject,250.0
423,52,16,2,0,2,Poor,Low,250000,2000,95.0,Reject,2437.5
424,50,9,5,2,3,Good,High,50000,2000,100.0,Reject,500.0
425,69,13,2,2,1,Fair,Low,25000,250,100.0,Reject,2000.0
426,38,16,5,3,2,Poor,Medium,250000,1000,100.0,Reject,5000.0
427,49,17,3,3,2,Excellent,Medium,25000,2000,100.0,Reject,250.0
428,40,18,4,1,4,Poor,Medium,25000,500,100.0,Reject,1000.0
429,50,16,3,3,3,Excellent,Low,25000,2000,100.0,Reject,250.0
430,20,13,1,1,1,Excellent,Medium,50000,250,72.5,Refer to Underwriter,3450.0
431,35,8,3,2,4,Poor,Medium,100000,1000,100.0,Reject,2000.0
432,42,7,0,2,4,Poor,Medium,25000,250,100.0,Reject,2000.0
433,59,1,1,0,3,Excellent,Medium,250000,250,55.5,Approve with Adjusted Premium,15550.0
434,48,12,5,2,1,Good,Medium,50000,250,100.0,Reject,4000.0
435,71,6,1,1,3,Good,Medium,50000,500,83.0,Refer to Underwriter,1830.0
436,20,8,4,3,1,Poor,Low,250000,1000,100.0,Reject,5000.0
437,57,10,2,0,3,Fair,Medium,25000,1000,94.0,Reject,485.0
438,63,13,5,1,4,Good,Medium,100000,500,100.0,Reject,4000.0
439,41,3,1,3,4,Poor,High,25000,1000,100.0,Reject,500.0
440,67,12,5,0,0,Good,Low,250000,250,83.0,Refer to Underwriter,18300.0
441,49,1,5,2,2,Fair,Low,50000,1000,100.0,Reject,1000.0
442,64,4,5,1,3,Poor,Low,100000,500,100.0,Reject,4000.0
443,39,10,2,3,0,Fair,Low,50000,250,100.0,Reject,4000.0
444,40,5,3,0,2,Poor,Medium,250000,500,98.5,Reject,9925.0
445,19,17,5,0,3,Fair,Medium,25000,2000,100.0,Reject,250.0
446,44,9,0,2,1,Good,High,100000,250,91.5,Reject,7660.0
447,59,3,4,3,2,Good,High,50000,250,100.0,Reject,4000.0
448,19,8,2,2,4,Fair,Low,50000,1000,100.0,Reject,1000.0
449,43,5,1,2,0,Fair,High,50000,250,97.5,Reject,3950.0
450,34,1,2,3,2,Fair,High,25000,500,100.0,Reject,1000.0
451,57,16,1,3,2,Poor,Low,100000,1000,100.0,Reject,2000.0
452,50,4,2,3,4,Good,Low,25000,2000,100.0,Reject,250.0
453,26,5,1,1,3,Poor,High,25000,500,100.0,Reject,1000.0
454,60,11,5,3,1,Good,Medium,25000,2000,100.0,Reject,250.0
455,71,9,3,0,4,Excellent,High,250000,2000,100.0,Reject,2500.0
456,65,5,1,2,1,Poor,High,250000,2000,100.0,Reject,2500.0
457,56,7,1,1,3,Good,Medium,250000,250,84.5,Refer to Underwriter,18450.0
458,46,1,0,3,2,Good,Medium,100000,500,87.5,Reject,3750.0
459,59,11,1,1,1,Poor,Low,25000,500,84.5,Refer to Underwriter,922.5
460,72,12,0,3,0,Poor,Low,25000,250,98.0,Reject,1980.0
461,43,6,4,1,0,Good,High,250000,1000,100.0,Reject,5000.0
462,52,9,5,2,4,Poor,Medium,25000,2000,100.0,Reject,250.0
463,67,12,0,2,3,Fair,Low,25000,500,97.0,Reject,985.0
464,42,16,3,0,4,Poor,High,50000,250,100.0,Reject,4000.0
465,41,13,5,0,4,Poor,Medium,25000,2000,100.0,Reject,250.0
466,30,1,0,3,4,Poor,High,50000,1000,100.0,Reject,1000.0
467,24,10,5,2,0,Good,Low,25000,1000,100.0,Reject,500.0
468,74,0,5,1,0,Fair,Low,100000,2000,90.0,Reject,950.0
469,53,18,5,1,4,Excellent,Medium,250000,1000,100.0,Reject,5000.0
470,62,3,4,1,0,Excellent,High,50000,500,94.5,Reject,1945.0
471,37,18,3,0,3,Fair,Medium,250000,500,100.0,Reject,10000.0
472,18,10,2,1,4,Fair,Low,50000,500,100.0,Reject,2000.0
473,25,7,2,0,0,Fair,Low,50000,1000,55.5,Approve with Adjusted Premium,777.5
474,63,10,0,0,1,Good,High,50000,500,63.0,Approve with Adjusted Premium,1630.0
475,33,3,5,3,4,Excellent,High,100000,250,100.0,Reject,8000.0
476,31,16,0,1,4,Fair,High,25000,500,100.0,Reject,1000.0
477,29,6,4,1,3,Good,Medium,50000,500,100.0,Reject,2000.0
478,68,7,4,2,2,Excellent,High,100000,1000,100.0,Reject,2000.0
479,40,2,1,3,2,Poor,High,50000,500,100.0,Reject,2000.0
480,32,1,4,2,3,Good,Low,25000,2000,100.0,Reject,250.0
481,45,14,1,3,3,Excellent,Low,50000,250,100.0,Reject,4000.0
482,51,4,3,1,3,Good,High,100000,1000,100.0,Reject,2000.0
483,19,0,0,0,2,Excellent,High,25000,250,51.0,Approve with Adjusted Premium,1510.0
484,49,3,3,0,3,Excellent,Low,100000,2000,68.5,Approve with Adjusted Premium,842.5
485,40,14,4,0,0,Poor,High,25000,1000,100.0,Reject,500.0
486,39,19,3,0,4,Good,Medium,25000,1000,100.0,Reject,500.0
487,68,18,3,0,4,Fair,Medium,250000,500,100.0,Reject,10000.0
488,42,2,3,2,1,Poor,Medium,250000,250,100.0,Reject,20000.0
489,39,19,4,3,1,Poor,High,250000,2000,100.0,Reject,2500.0
490,39,10,5,1,4,Excellent,Low,25000,2000,100.0,Reject,250.0
491,66,16,3,2,0,Fair,High,50000,1000,100.0,Reject,1000.0
492,69,12,1,3,2,Good,High,100000,500,100.0,Reject,4000.0
493,59,10,4,0,2,Fair,Low,100000,1000,96.0,Reject,1960.0
494,23,1,3,3,0,Fair,Low,100000,1000,100.0,Reject,2000.0
495,32,8,5,3,2,Fair,Low,250000,1000,100.0,Reject,5000.0
496,71,1,4,0,3,Fair,Medium,25000,1000,100.0,Reject,500.0
497,60,8,2,0,4,Fair,High,250000,2000,100.0,Reject,2500.0
498,54,8,5,0,4,Excellent,Low,50000,2000,100.0,Reject,500.0
499,50,7,1,1,0,Excellent,High,25000,1000,70.5,Refer to Underwriter,426.25
500,25,16,3,0,2,Poor,Medium,100000,1000,100.0,Reject,2000.0
501,70,0,2,1,1,Excellent,Medium,250000,500,63.0,Approve with Adjusted Premium,8150.0
502,61,10,2,0,1,Poor,Low,250000,1000,78.0,Refer to Underwriter,4450.0
503,61,7,4,1,2,Poor,Low,50000,2000,100.0,Reject,500.0
504,22,9,2,3,1,Good,High,50000,250,100.0,Reject,4000.0
505,56,6,1,2,0,Fair,Low,250000,2000,74.0,Refer to Underwriter,2175.0
506,21,2,1,3,0,Excellent,High,50000,500,93.0,Reject,1930.0
507,23,2,0,3,2,Good,Low,100000,2000,79.0,Refer to Underwriter,895.0
508,62,17,1,0,1,Excellent,High,50000,250,78.5,Refer to Underwriter,3570.0
509,49,4,5,1,0,Poor,High,50000,1000,100.0,Reject,1000.0
510,69,11,2,2,0,Excellent,High,250000,250,100.0,Reject,20000.0
511,47,11,1,0,3,Fair,High,250000,1000,100.0,Reject,5000.0
512,64,18,4,0,3,Poor,Medium,25000,1000,100.0,Reject,500.0
513,52,5,0,0,0,Poor,High,25000,2000,67.5,Approve with Adjusted Premium,209.38
514,72,1,2,3,2,Good,Low,250000,2000,97.5,Reject,2468.75
515,57,11,0,1,4,Fair,Medium,50000,2000,98.5,Reject,496.25
516,69,18,2,1,4,Poor,Medium,50000,500,100.0,Reject,2000.0
517,33,4,4,2,0,Fair,High,25000,2000,100.0,Reject,250.0
518,30,11,0,1,0,Excellent,Medium,25000,500,51.5,Approve with Adjusted Premium,757.5
519,67,16,3,1,0,Fair,High,25000,2000,100.0,Reject,250.0
520,59,16,5,0,2,Poor,Low,100000,1000,100.0,Reject,2000.0
521,47,9,5,0,3,Good,High,100000,500,100.0,Reject,4000.0
522,36,16,2,3,0,Poor,Medium,25000,250,100.0,Reject,2000.0
523,34,14,3,0,0,Fair,Low,50000,500,76.0,Refer to Underwriter,1760.0
524,73,11,0,0,1,Fair,High,25000,500,74.5,Refer to Underwriter,872.5
525,36,15,3,0,2,Poor,Low,100000,250,100.0,Reject,8000.0
526,45,18,3,0,0,Fair,Low,50000,500,82.0,Refer to Underwriter,1820.0
527,72,7,0,3,1,Excellent,Medium,100000,1000,83.5,Refer to Underwriter,1835.0
528,43,16,4,0,4,Poor,Low,50000,2000,100.0,Reject,500.0
529,54,4,3,2,0,Good,Medium,100000,250,91.0,Reject,7640.0
530,43,15,3,2,0,Poor,Low,50000,2000,100.0,Reject,500.0
531,70,5,4,2,1,Excellent,High,50000,1000,100.0,Reject,1000.0
532,40,7,3,2,2,Excellent,Low,50000,250,96.5,Reject,3930.0
533,26,17,3,0,0,Excellent,High,50000,2000,90.5,Reject,476.25
534,29,11,3,2,4,Excellent,High,250000,2000,100.0,Reject,2500.0
535,70,14,5,0,0,Excellent,Low,100000,1000,81.0,Refer to Underwriter,1810.0
536,18,8,1,3,4,Good,High,100000,2000,100.0,Reject,1000.0
537,18,12,4,2,3,Fair,Low,250000,1000,100.0,Reject,5000.0
538,64,14,3,1,3,Excellent,Low,50000,500,100.0,Reject,2000.0
539,51,9,5,2,4,Excellent,High,50000,1000,100.0,Reject,1000.0
540,49,15,4,2,2,Poor,High,100000,500,100.0,Reject,4000.0
541,71,6,2,0,0,Good,Medium,250000,250,54.0,Approve with Adjusted Premium,15400.0
542,65,16,2,2,0,Good,High,50000,2000,100.0,Reject,500.0
543,42,6,3,1,3,Fair,Medium,50000,1000,100.0,Reject,1000.0
544,57,13,5,0,4,Good,High,50000,1000,100.0,Reject,1000.0
545,62,14,5,0,0,Poor,Low,25000,2000,100.0,Reject,250.0
546,70,6,4,3,0,Poor,High,250000,2000,100.0,Reject,2500.0
547,18,8,4,3,2,Fair,Low,50000,250,100.0,Reject,4000.0
548,33,18,5,2,1,Poor,Low,25000,250,100.0,Reject,2000.0
549,56,15,4,3,3,Excellent,Low,250000,1000,100.0,Reject,5000.0
550,22,7,5,3,3,Excellent,Medium,50000,250,100.0,Reject,4000.0
551,39,17,1,3,1,Poor,High,100000,500,100.0,Reject,4000.0
552,46,17,5,0,0,Fair,Low,25000,250,100.0,Reject,2000.0
553,72,19,2,0,2,Good,Low,25000,250,79.5,Refer to Underwriter,1795.0
554,20,6,4,0,2,Fair,Medium,50000,1000,100.0,Reject,1000.0
555,29,2,5,3,3,Good,High,50000,500,100.0,Reject,2000.0
556,43,17,5,0,2,Poor,High,25000,250,100.0,Reject,2000.0
557,33,9,4,3,1,Poor,Medium,100000,500,100.0,Reject,4000.0
558,68,6,1,0,0,Excellent,Medium,100000,500,39.0,Approve,2780.0
559,54,16,1,0,1,Good,High,250000,500,82.0,Refer to Underwriter,9100.0
560,39,13,4,1,4,Fair,Medium,50000,2000,100.0,Reject,500.0
561,74,2,0,2,3,Poor,High,100000,2000,100.0,Reject,1000.0
562,46,11,4,3,2,Fair,High,250000,2000,100.0,Reject,2500.0
563,31,12,4,1,4,Excellent,Low,100000,2000,100.0,Reject,1000.0
564,45,1,1,0,2,Good,Low,50000,1000,42.5,Approve with Adjusted Premium,712.5
565,22,2,1,3,0,Good,High,250000,250,98.0,Reject,19800.0
566,64,4,4,0,0,Poor,High,250000,2000,100.0,Reject,2500.0
567,66,10,4,2,0,Good,High,250000,1000,100.0,Reject,5000.0
568,47,7,4,1,2,Poor,High,100000,250,100.0,Reject,8000.0
569,63,11,1,2,4,Excellent,High,50000,2000,100.0,Reject,500.0
570,69,6,4,1,0,Good,High,250000,250,100.0,Reject,20000.0
571,22,14,4,0,4,Poor,Medium,25000,2000,100.0,Reject,250.0
572,29,16,3,2,2,Fair,High,50000,1000,100.0,Reject,1000.0
573,33,3,0,2,4,Poor,Medium,25000,500,100.0,Reject,1000.0
574,43,12,2,0,2,Good,Medium,25000,500,79.0,Refer to Underwriter,895.0
575,43,17,0,2,2,Excellent,High,250000,250,100.0,Reject,20000.0
576,65,0,3,3,3,Good,High,250000,1000,100.0,Reject,5000.0
577,38,15,2,1,2,Good,Medium,100000,500,98.5,Reject,3970.0
578,56,12,4,1,2,Poor,Medium,100000,2000,100.0,Reject,1000.0
579,53,9,3,1,1,Fair,High,100000,500,100.0,Reject,4000.0
580,50,11,4,3,0,Good,High,50000,250,100.0,Reject,4000.0
581,47,1,1,1,3,Fair,Medium,100000,250,85.5,Reject,7420.0
582,54,2,5,0,3,Poor,Medium,25000,1000,100.0,Reject,500.0
583,40,9,3,2,3,Fair,Medium,100000,250,100.0,Reject,8000.0
584,27,1,1,3,1,Poor,Low,250000,500,99.5,Reject,9975.0
585,71,12,3,1,2,Excellent,Medium,100000,500,99.0,Reject,3980.0
586,22,12,3,0,0,Fair,Low,50000,500,73.0,Refer to Underwriter,1730.0
587,53,17,1,2,4,Fair,High,50000,500,100.0,Reject,2000.0
588,51,2,2,2,2,Excellent,High,25000,1000,100.0,Reject,500.0
589,69,6,0,3,1,Fair,Medium,50000,2000,97.0,Reject,492.5
590,48,13,4,3,2,Excellent,High,100000,2000,100.0,Reject,1000.0
591,27,19,3,3,2,Good,High,250000,1000,100.0,Reject,5000.0
592,36,16,4,0,1,Poor,High,50000,250,100.0,Reject,4000.0
593,49,11,5,0,3,Excellent,High,25000,2000,100.0,Reject,250.0
594,18,15,1,3,3,Fair,Low,100000,250,100.0,Reject,8000.0
595,73,11,4,1,0,Excellent,Low,25000,2000,81.5,Refer to Underwriter,226.88
596,22,14,1,2,0,Fair,Medium,50000,250,96.0,Reject,3920.0
597,62,9,4,2,3,Good,Medium,50000,1000,100.0,Reject,1000.0
598,21,6,0,0,4,Excellent,Medium,25000,500,61.0,Approve with Adjusted Premium,805.0
599,33,19,0,2,2,Good,High,100000,250,100.0,Reject,8000.0
600,41,4,0,1,4,Poor,High,50000,500,100.0,Reject,2000.0
601,33,0,0,2,2,Fair,Low,250000,250,71.0,Refer to Underwriter,17100.0
602,72,16,0,0,3,Fair,Low,50000,250,73.0,Refer to Underwriter,3460.0
603,19,2,0,0,0,Good,Medium,100000,250,28.0,Approve,5120.0
604,66,12,1,1,0,Poor,Low,50000,250,78.0,Refer to Underwriter,3560.0
605,45,13,3,1,4,Excellent,Low,25000,250,100.0,Reject,2000.0
606,49,17,4,2,0,Excellent,Low,50000,500,100.0,Reject,2000.0
607,44,3,0,2,3,Fair,Low,50000,250,83.5,Refer to Underwriter,3670.0
608,37,17,1,0,4,Good,Low,100000,500,82.5,Refer to Underwriter,3650.0
609,41,4,1,1,2,Good,Medium,25000,1000,72.0,Refer to Underwriter,430.0
610,29,15,1,1,0,Excellent,Medium,100000,2000,67.5,Approve with Adjusted Premium,837.5
611,67,0,3,1,1,Poor,Low,50000,250,88.0,Reject,3760.0
612,52,13,4,2,0,Poor,Medium,250000,2000,100.0,Reject,2500.0
613,50,14,3,1,2,Excellent,High,50000,500,100.0,Reject,2000.0
614,50,8,2,0,4,Excellent,Low,100000,1000,74.0,Refer to Underwriter,1740.0
615,68,14,1,0,2,Good,High,250000,1000,87.0,Reject,4675.0
616,60,16,2,2,1,Poor,Medium,100000,1000,100.0,Reject,2000.0
617,54,3,5,3,3,Excellent,Medium,100000,2000,100.0,Reject,1000.0
618,29,11,0,2,0,Excellent,High,25000,500,81.5,Refer to Underwriter,907.5
619,20,4,0,3,4,Fair,Medium,250000,250,100.0,Reject,20000.0
620,18,4,3,1,3,Excellent,Low,50000,250,85.0,Reject,3700.0
621,50,10,4,2,2,Excellent,High,100000,500,100.0,Reject,4000.0
622,57,5,2,0,4,Poor,Low,50000,2000,94.5,Reject,486.25
623,27,6,4,1,3,Good,High,25000,250,100.0,Reject,2000.0
624,60,13,3,0,4,Poor,Medium,25000,500,100.0,Reject,1000.0
625,61,10,0,1,1,Good,High,250000,250,78.0,Refer to Underwriter,17800.0
626,46,12,4,2,1,Fair,High,25000,1000,100.0,Reject,500.0
627,30,1,4,3,0,Excellent,Low,25000,250,96.5,Reject,1965.0
628,29,6,0,1,0,Fair,Medium,50000,2000,59.0,Approve with Adjusted Premium,397.5
629,48,19,2,3,1,Good,Low,25000,500,100.0,Reject,1000.0
630,63,3,0,1,4,Poor,Medium,25000,2000,96.5,Reject,245.62
631,19,7,4,0,1,Poor,Low,100000,500,93.5,Reject,3870.0
632,68,19,2,0,0,Fair,High,25000,1000,98.5,Reject,496.25
633,67,18,2,1,1,Good,Low,100000,500,85.0,Reject,3700.0
634,52,12,0,3,1,Fair,Medium,25000,250,100.0,Reject,2000.0
635,40,13,4,2,4,Fair,Medium,25000,250,100.0,Reject,2000.0
636,34,9,3,2,3,Excellent,High,250000,1000,100.0,Reject,5000.0
637,43,10,4,0,0,Fair,Medium,250000,500,90.0,Reject,9500.0
638,25,1,1,2,4,Excellent,Low,100000,1000,83.5,Refer to Underwriter,1835.0
639,46,8,5,0,1,Excellent,High,25000,250,100.0,Reject,2000.0
640,43,16,3,2,1,Poor,Medium,50000,2000,100.0,Reject,500.0
641,27,2,2,1,3,Excellent,Medium,250000,1000,82.0,Refer to Underwriter,4550.0
642,43,5,3,0,0,Excellent,Low,50000,2000,47.5,Approve with Adjusted Premium,368.75
643,51,4,2,0,0,Poor,Low,250000,2000,61.0,Approve with Adjusted Premium,2012.5
644,68,4,2,1,2,Fair,High,250000,500,100.0,Reject,10000.0
645,58,14,3,0,0,Good,Medium,25000,1000,76.0,Refer to Underwriter,440.0
646,24,16,2,2,3,Good,Low,250000,2000,100.0,Reject,2500.0
647,21,8,2,2,2,Good,High,50000,2000,100.0,Reject,500.0
648,70,2,1,0,2,Fair,Medium,250000,500,64.0,Approve with Adjusted Premium,8200.0
649,67,19,4,2,1,Excellent,Medium,100000,500,100.0,Reject,4000.0
650,62,16,4,3,1,Good,High,25000,250,100.0,Reject,2000.0
651,28,9,5,0,0,Fair,High,25000,2000,100.0,Reject,250.0
652,46,2,5,1,2,Excellent,Low,100000,250,94.0,Reject,7760.0
653,73,17,1,3,1,Poor,Medium,100000,2000,100.0,Reject,1000.0
654,53,17,5,0,3,Good,Medium,100000,250,100.0,Reject,8000.0
655,42,16,3,1,1,Excellent,Medium,250000,500,97.0,Reject,9850.0
656,38,2,0,2,1,Good,High,25000,1000,81.0,Refer to Underwriter,452.5
657,74,2,0,1,2,Good,Low,100000,500,49.0,Approve with Adjusted Premium,2980.0
658,53,5,0,3,2,Good,Medium,250000,250,93.5,Reject,19350.0
659,27,12,1,2,4,Excellent,High,100000,250,100.0,Reject,8000.0
660,54,14,1,0,3,Fair,Medium,50000,1000,90.0,Reject,950.0
661,26,8,2,2,2,Excellent,Low,50000,2000,88.0,Reject,470.0
662,41,3,0,0,0,Good,Medium,25000,250,29.5,Approve,1295.0
663,52,13,3,0,3,Excellent,Low,250000,250,83.5,Refer to Underwriter,18350.0
664,66,4,5,1,3,Poor,Low,50000,250,100.0,Reject,4000.0
665,52,1,3,1,2,Fair,Medium,50000,1000,97.5,Reject,987.5
666,65,10,5,1,3,Excellent,Medium,250000,500,100.0,Reject,10000.0
667,53,8,0,3,2,Poor,Low,100000,250,100.0,Reject,8000.0
668,35,2,0,3,1,Fair,High,250000,1000,100.0,Reject,5000.0
669,66,8,0,1,4,Poor,Low,100000,250,94.0,Reject,7760.0
670,56,2,1,3,1,Fair,Medium,50000,2000,100.0,Reject,500.0
671,49,1,5,2,2,Excellent,Medium,50000,1000,100.0,Reject,1000.0
672,41,11,1,2,2,Poor,High,50000,250,100.0,Reject,4000.0
673,40,9,1,3,1,Good,Low,25000,1000,91.5,Reject,478.75
674,49,8,4,3,0,Poor,Low,25000,250,100.0,Reject,2000.0
675,54,14,3,2,0,Fair,Low,25000,500,100.0,Reject,1000.0
676,29,7,3,0,0,Excellent,Medium,250000,250,60.5,Approve with Adjusted Premium,16050.0
677,66,4,2,2,2,Fair,Low,50000,1000,97.0,Reject,985.0
678,72,10,1,2,3,Poor,High,50000,2000,100.0,Reject,500.0
679,30,1,5,3,2,Poor,Medium,250000,2000,100.0,Reject,2500.0
680,40,14,4,2,3,Good,Medium,25000,2000,100.0,Reject,250.0
681,42,5,4,3,1,Excellent,Low,250000,250,100.0,Reject,20000.0
682,52,7,3,3,4,Excellent,High,25000,500,100.0,Reject,1000.0
683,58,4,1,1,3,Poor,Medium,50000,250,100.0,Reject,4000.0
684,47,15,2,2,0,Excellent,Medium,100000,2000,92.5,Reject,962.5
685,34,17,1,0,2,Good,Low,25000,1000,66.5,Approve with Adjusted Premium,416.25
686,66,5,0,1,1,Fair,Low,50000,2000,55.5,Approve with Adjusted Premium,388.75
687,37,4,1,3,0,Excellent,High,50000,1000,96.0,Reject,980.0
688,65,15,0,3,1,Poor,Low,100000,500,100.0,Reject,4000.0
689,42,12,0,0,4,Fair,High,50000,1000,100.0,Reject,1000.0
690,39,4,2,3,2,Fair,Medium,50000,250,100.0,Reject,4000.0
691,30,12,5,2,2,Good,High,25000,250,100.0,Reject,2000.0
692,36,16,3,1,4,Poor,High,25000,250,100.0,Reject,2000.0
693,66,17,1,3,2,Excellent,High,100000,1000,100.0,Reject,2000.0
694,53,7,0,3,3,Poor,Medium,100000,250,100.0,Reject,8000.0
695,29,12,1,0,1,Fair,Low,50000,250,61.0,Approve with Adjusted Premium,3220.0
696,58,18,5,2,0,Poor,Medium,25000,250,100.0,Reject,2000.0
697,36,2,3,3,4,Excellent,Low,100000,500,100.0,Reject,4000.0
698,29,7,5,0,3,Excellent,High,100000,1000,100.0,Reject,2000.0
699,26,1,3,3,0,Good,High,250000,1000,100.0,Reject,5000.0
700,24,7,4,0,0,Excellent,High,100000,2000,85.5,Reject,927.5
701,45,12,3,0,4,Excellent,High,50000,1000,100.0,Reject,1000.0
702,31,12,2,2,3,Poor,High,25000,500,100.0,Reject,1000.0
703,48,0,5,3,0,Poor,Low,100000,1000,100.0,Reject,2000.0
704,69,5,0,2,0,Fair,Low,250000,500,62.5,Approve with Adjusted Premium,8125.0
705,36,18,4,0,3,Good,High,25000,500,100.0,Reject,1000.0
706,64,15,2,1,2,Poor,Medium,100000,1000,100.0,Reject,2000.0
707,33,7,1,3,0,Excellent,Medium,250000,2000,85.5,Reject,2318.75
708,70,0,5,1,1,Fair,High,100000,250,100.0,Reject,8000.0
709,22,15,0,3,3,Poor,Low,25000,250,100.0,Reject,2000.0
710,52,8,3,2,0,Good,Medium,25000,1000,97.0,Reject,492.5
711,29,12,0,2,4,Good,Medium,25000,1000,100.0,Reject,500.0
712,42,10,1,2,1,Fair,Medium,50000,500,98.0,Reject,1980.0
713,69,12,4,2,0,Fair,High,100000,1000,100.0,Reject,2000.0
714,38,9,4,2,1,Fair,Medium,50000,500,100.0,Reject,2000.0
715,53,3,5,1,1,Fair,Medium,25000,2000,100.0,Reject,250.0
716,70,5,4,2,2,Fair,Medium,250000,1000,100.0,Reject,5000.0
717,40,6,5,0,1,Excellent,Medium,100000,250,87.0,Reject,7480.0
718,33,4,5,0,2,Excellent,Low,50000,250,82.0,Refer to Underwriter,3640.0
719,74,10,5,1,3,Poor,High,100000,1000,100.0,Reject,2000.0
720,56,12,3,3,2,Good,High,250000,500,100.0,Reject,10000.0
721,62,18,2,0,4,Excellent,Low,50000,250,89.0,Reject,3780.0
722,70,9,5,3,0,Excellent,Low,25000,500,100.0,Reject,1000.0
723,59,9,5,1,3,Excellent,High,50000,1000,100.0,Reject,1000.0
724,56,10,2,3,3,Poor,Medium,100000,1000,100.0,Reject,2000.0
725,31,6,0,3,4,Fair,Medium,100000,250,100.0,Reject,8000.0
726,48,17,5,3,2,Poor,High,100000,1000,100.0,Reject,2000.0
727,22,3,3,3,0,Good,Medium,100000,2000,100.0,Reject,1000.0
728,52,1,4,1,2,Good,Low,25000,2000,87.5,Reject,234.38
729,40,13,4,0,1,Good,Medium,50000,250,92.5,Reject,3850.0
730,46,12,1,2,2,Good,Medium,25000,2000,99.0,Reject,248.75
731,60,11,1,3,3,Excellent,Medium,25000,500,100.0,Reject,1000.0
732,28,6,4,0,0,Excellent,High,25000,250,84.0,Refer to Underwriter,1840.0
733,35,1,4,0,2,Poor,Low,100000,250,92.5,Reject,7700.0
734,64,12,3,1,0,Fair,Medium,100000,500,98.0,Reject,3960.0
735,29,13,2,0,0,Good,High,100000,2000,79.5,Refer to Underwriter,897.5
736,26,16,1,1,1,Poor,Medium,50000,2000,100.0,Reject,500.0
737,27,8,2,3,1,Excellent,Low,250000,2000,95.0,Reject,2437.5
738,61,16,3,3,3,Excellent,Medium,100000,250,100.0,Reject,8000.0
739,34,7,4,2,4,Fair,Low,50000,250,100.0,Reject,4000.0
740,55,1,5,2,0,Fair,Medium,100000,2000,100.0,Reject,1000.0
741,24,12,2,2,4,Fair,Low,100000,1000,100.0,Reject,2000.0
742,63,2,4,0,3,Poor,Medium,25000,2000,100.0,Reject,250.0
743,30,15,4,3,0,Excellent,Low,25000,500,100.0,Reject,1000.0
744,57,5,0,1,0,Excellent,Medium,25000,250,42.5,Approve with Adjusted Premium,1425.0
745,59,18,2,2,4,Fair,Medium,50000,500,100.0,Reject,2000.0
746,26,6,5,1,2,Good,High,250000,500,100.0,Reject,10000.0
747,67,9,2,1,1,Fair,High,250000,250,100.0,Reject,20000.0
748,44,8,4,2,2,Poor,Low,50000,1000,100.0,Reject,1000.0
749,19,1,5,3,4,Fair,Medium,100000,2000,100.0,Reject,1000.0
750,22,14,3,2,1,Fair,Low,50000,500,100.0,Reject,2000.0
751,46,4,0,1,2,Poor,High,100000,250,97.0,Reject,7880.0
752,54,3,4,2,1,Fair,Low,50000,500,100.0,Reject,2000.0
753,55,19,1,1,0,Excellent,Low,50000,2000,63.5,Approve with Adjusted Premium,408.75
754,36,3,1,1,2,Good,High,50000,1000,85.5,Reject,927.5
755,25,17,0,2,1,Fair,Medium,250000,1000,98.5,Reject,4962.5
756,65,3,3,0,1,Poor,Low,25000,1000,77.5,Refer to Underwriter,443.75
757,62,16,4,2,1,Good,High,50000,250,100.0,Reject,4000.0
758,18,11,2,0,2,Poor,Medium,250000,250,97.5,Reject,19750.0
759,39,16,0,1,3,Good,High,25000,1000,100.0,Reject,500.0
760,69,9,3,1,2,Good,Low,25000,2000,89.5,Reject,236.88
761,34,0,2,0,4,Fair,Medium,50000,2000,87.0,Reject,467.5
762,24,17,1,1,2,Excellent,Medium,100000,250,86.5,Reject,7460.0
763,42,17,1,0,1,Fair,High,100000,1000,93.5,Reject,1935.0
764,62,13,2,0,0,Poor,High,100000,2000,99.5,Reject,997.5
765,21,14,0,1,2,Poor,High,50000,2000,100.0,Reject,500.0
766,53,11,1,3,2,Good,Medium,100000,2000,100.0,Reject,1000.0
767,23,3,4,0,1,Good,Medium,250000,250,77.5,Refer to Underwriter,17750.0
768,48,2,5,2,0,Excellent,Low,250000,1000,93.0,Reject,4825.0
769,36,19,2,2,0,Fair,Medium,250000,500,100.0,Reject,10000.0
770,61,11,2,1,4,Poor,Low,250000,1000,100.0,Reject,5000.0
771,71,6,1,3,2,Good,High,25000,1000,100.0,Reject,500.0
772,56,10,0,1,0,Excellent,High,250000,250,65.0,Approve with Adjusted Premium,16500.0
773,44,0,4,3,0,Poor,Medium,100000,2000,100.0,Reject,1000.0
774,27,5,0,0,3,Good,High,50000,2000,71.5,Refer to Underwriter,428.75
775,43,14,3,0,3,Poor,High,100000,250,100.0,Reject,8000.0
776,36,14,3,0,0,Excellent,Medium,250000,250,71.0,Refer to Underwriter,17100.0
777,56,18,5,0,4,Excellent,Low,25000,250,100.0,Reject,2000.0
778,20,10,1,2,0,Poor,Medium,250000,250,100.0,Reject,20000.0
779,62,1,1,2,1,Fair,Low,50000,250,74.5,Refer to Underwriter,3490.0
780,30,13,1,1,2,Poor,Medium,100000,500,100.0,Reject,4000.0
781,67,1,5,3,4,Good,Medium,50000,1000,100.0,Reject,1000.0
782,45,3,3,0,1,Fair,High,50000,1000,92.5,Reject,962.5
783,37,16,0,0,4,Good,Medium,50000,1000,81.0,Refer to Underwriter,905.0
784,45,2,5,3,1,Poor,Medium,100000,2000,100.0,Reject,1000.0
785,25,12,5,3,2,Fair,Low,250000,500,100.0,Reject,10000.0
786,58,8,0,1,2,Good,High,50000,1000,83.0,Refer to Underwriter,915.0
787,56,6,1,3,3,Poor,Low,100000,2000,100.0,Reject,1000.0
788,18,14,4,0,1,Poor,Low,25000,500,100.0,Reject,1000.0
789,20,10,0,0,3,Fair,High,100000,500,89.0,Reject,3780.0
790,30,19,3,0,1,Poor,High,25000,2000,100.0,Reject,250.0
791,45,1,2,0,3,Excellent,High,100000,500,80.5,Refer to Underwriter,3610.0
792,74,14,2,0,2,Good,Medium,250000,2000,82.0,Refer to Underwriter,2275.0
793,66,13,5,1,4,Good,High,50000,1000,100.0,Reject,1000.0
794,42,19,2,0,3,Poor,High,250000,2000,100.0,Reject,2500.0
795,73,10,4,1,1,Poor,High,100000,500,100.0,Reject,4000.0
796,50,2,1,0,1,Excellent,Low,50000,1000,31.0,Approve,655.0
797,55,16,3,2,2,Fair,Low,25000,1000,100.0,Reject,500.0
798,70,11,4,2,1,Poor,Medium,100000,250,100.0,Reject,8000.0
799,23,14,3,2,0,Poor,Low,50000,250,100.0,Reject,4000.0
800,61,15,3,2,4,Poor,Medium,25000,500,100.0,Reject,1000.0
801,62,4,1,1,3,Poor,Low,25000,2000,90.0,Reject,237.5
802,49,19,5,1,4,Good,High,250000,2000,100.0,Reject,2500.0
803,62,5,2,3,2,Poor,Low,100000,500,100.0,Reject,4000.0
804,64,18,1,0,3,Good,Medium,25000,1000,86.0,Reject,465.0
805,38,4,4,2,3,Poor,Low,50000,500,100.0,Reject,2000.0
806,33,2,5,1,0,Fair,High,25000,500,100.0,Reject,1000.0
807,71,0,4,0,2,Excellent,Medium,25000,1000,76.0,Refer to Underwriter,440.0
808,38,5,5,0,1,Fair,High,250000,2000,100.0,Reject,2500.0
809,28,14,4,1,0,Poor,High,250000,500,100.0,Reject,10000.0
810,54,1,1,2,0,Poor,Medium,50000,2000,86.5,Reject,466.25
811,53,2,5,3,4,Poor,High,250000,500,100.0,Reject,10000.0
812,52,16,5,0,4,Fair,High,25000,1000,100.0,Reject,500.0
813,36,11,3,3,4,Poor,Low,25000,1000,100.0,Reject,500.0
814,37,17,3,2,0,Fair,High,250000,250,100.0,Reject,20000.0
815,74,14,0,2,1,Good,High,25000,1000,99.0,Reject,497.5
816,35,11,4,3,3,Excellent,High,25000,250,100.0,Reject,2000.0
817,64,15,3,2,4,Excellent,High,50000,500,100.0,Reject,2000.0
818,58,7,0,0,1,Fair,Medium,250000,2000,53.5,Approve with Adjusted Premium,1918.75
819,66,13,3,3,2,Good,Low,25000,1000,100.0,Reject,500.0
820,31,16,4,2,4,Fair,High,250000,1000,100.0,Reject,5000.0
821,32,7,5,3,3,Good,High,50000,1000,100.0,Reject,1000.0
822,48,14,2,0,2,Poor,Medium,250000,500,100.0,Reject,10000.0
823,18,13,4,2,2,Good,High,25000,250,100.0,Reject,2000.0
824,70,17,1,0,3,Good,Medium,250000,500,84.5,Refer to Underwriter,9225.0
825,71,19,3,2,4,Good,Low,25000,2000,100.0,Reject,250.0
826,71,6,3,1,0,Excellent,Low,25000,500,64.0,Approve with Adjusted Premium,820.0
827,20,2,5,2,3,Good,High,25000,2000,100.0,Reject,250.0
828,33,11,1,3,3,Poor,High,50000,1000,100.0,Reject,1000.0
829,40,2,5,2,3,Poor,High,250000,2000,100.0,Reject,2500.0
830,74,19,1,0,2,Poor,Medium,50000,2000,99.5,Reject,498.75
831,28,13,2,0,1,Good,High,250000,250,87.5,Reject,18750.0
832,29,14,3,2,0,Fair,High,50000,2000,100.0,Reject,500.0
833,27,13,3,3,4,Fair,Low,100000,2000,100.0,Reject,1000.0
834,49,6,2,1,4,Poor,High,25000,500,100.0,Reject,1000.0
835,33,16,0,3,1,Excellent,Low,25000,1000,87.0,Reject,467.5
836,25,11,5,1,3,Fair,High,50000,500,100.0,Reject,2000.0
837,55,19,2,0,0,Good,Low,100000,500,63.5,Approve with Adjusted Premium,3270.0
838,29,3,5,3,4,Fair,High,25000,1000,100.0,Reject,500.0
839,41,8,4,1,4,Poor,Low,250000,1000,100.0,Reject,5000.0
840,45,5,3,2,3,Excellent,Medium,50000,2000,100.0,Reject,500.0
841,70,15,5,0,1,Fair,Low,25000,2000,100.0,Reject,250.0
842,25,1,1,2,0,Fair,Low,25000,250,66.5,Approve with Adjusted Premium,1665.0
843,45,7,5,0,1,Poor,Low,50000,500,100.0,Reject,2000.0
844,53,10,4,3,1,Excellent,High,50000,1000,100.0,Reject,1000.0
845,43,12,3,3,0,Excellent,High,250000,2000,100.0,Reject,2500.0
846,25,16,2,0,0,Poor,High,250000,1000,100.0,Reject,5000.0
847,67,7,4,0,4,Good,Medium,25000,2000,100.0,Reject,250.0
848,45,17,3,0,4,Fair,Medium,25000,250,100.0,Reject,2000.0
849,45,17,5,3,0,Good,Low,50000,250,100.0,Reject,4000.0
850,54,13,0,1,2,Fair,Medium,25000,1000,85.5,Reject,463.75
851,58,14,0,2,4,Fair,Low,25000,250,100.0,Reject,2000.0
852,53,5,1,2,2,Good,Low,50000,1000,78.5,Refer to Underwriter,892.5
853,44,10,3,3,0,Poor,Low,25000,2000,100.0,Reject,250.0
854,71,12,0,2,4,Poor,Medium,25000,500,100.0,Reject,1000.0
855,34,0,2,0,1,Fair,High,100000,250,78.0,Refer to Underwriter,7120.0
856,26,5,3,1,0,Poor,Medium,250000,2000,97.5,Reject,2468.75
857,50,8,2,2,3,Fair,Low,50000,500,100.0,Reject,2000.0
858,70,7,2,1,2,Poor,Low,100000,500,96.5,Reject,3930.0
859,37,10,0,0,0,Fair,Medium,250000,500,50.0,Approve with Adjusted Premium,7500.0
860,30,18,3,2,0,Poor,Low,250000,2000,100.0,Reject,2500.0
861,45,8,5,3,4,Excellent,Low,250000,2000,100.0,Reject,2500.0
862,65,16,4,1,4,Good,Medium,100000,1000,100.0,Reject,2000.0
863,46,11,0,0,4,Excellent,Medium,100000,500,68.5,Approve with Adjusted Premium,3370.0
864,30,13,0,1,3,Good,Medium,250000,500,83.5,Refer to Underwriter,9175.0
865,63,14,5,2,4,Good,Low,25000,500,100.0,Reject,1000.0
866,52,15,3,2,0,Fair,Low,25000,1000,100.0,Reject,500.0
867,23,19,3,3,4,Good,High,100000,500,100.0,Reject,4000.0
868,35,0,2,0,1,Excellent,High,100000,2000,63.0,Approve with Adjusted Premium,815.0
869,68,9,5,0,4,Excellent,Medium,100000,500,100.0,Reject,4000.0
870,22,7,5,3,3,Poor,High,250000,250,100.0,Reject,20000.0
871,64,17,3,3,1,Excellent,Low,25000,2000,100.0,Reject,250.0
872,42,0,2,0,0,Poor,High,100000,1000,80.0,Refer to Underwriter,1800.0
873,19,1,0,1,0,Good,Low,100000,500,31.5,Approve,2630.0
874,27,0,1,1,2,Excellent,Medium,50000,250,61.0,Approve with Adjusted Premium,3220.0
875,73,0,4,3,1,Good,Medium,250000,1000,100.0,Reject,5000.0
876,47,8,0,1,2,Excellent,Low,50000,1000,53.0,Approve with Adjusted Premium,765.0
877,67,12,3,0,1,Excellent,High,25000,2000,91.0,Reject,238.75
878,62,0,4,2,1,Poor,Medium,50000,1000,100.0,Reject,1000.0
879,22,12,1,2,3,Good,Medium,50000,1000,100.0,Reject,1000.0
880,72,19,1,1,2,Excellent,High,50000,1000,100.0,Reject,1000.0
881,73,6,2,3,3,Fair,High,250000,1000,100.0,Reject,5000.0
882,50,1,4,3,1,Good,Low,25000,500,100.0,Reject,1000.0
883,71,5,2,3,0,Good,High,50000,500,100.0,Reject,2000.0
884,18,6,0,3,1,Good,High,250000,500,100.0,Reject,10000.0
885,35,13,5,3,3,Poor,High,25000,500,100.0,Reject,1000.0
886,49,17,5,1,2,Fair,Low,100000,250,100.0,Reject,8000.0
887,64,14,5,2,2,Good,Low,50000,500,100.0,Reject,2000.0
888,66,1,4,2,3,Excellent,Medium,25000,1000,100.0,Reject,500.0
889,28,9,5,1,2,Excellent,Low,50000,500,100.0,Reject,2000.0
890,38,11,0,3,4,Poor,Medium,100000,500,100.0,Reject,4000.0
891,43,16,2,1,0,Excellent,High,25000,2000,94.0,Reject,242.5
892,42,7,4,2,0,Good,Medium,250000,1000,100.0,Reject,5000.0
893,39,10,2,0,0,Excellent,Medium,25000,500,55.0,Approve with Adjusted Premium,775.0
894,44,2,4,1,2,Good,High,250000,500,100.0,Reject,10000.0
895,66,5,2,3,2,Excellent,Medium,25000,500,100.0,Reject,1000.0
896,30,8,1,2,1,Fair,Low,250000,250,85.0,Reject,18500.0
897,50,5,2,2,1,Poor,Low,100000,500,100.0,Reject,4000.0
898,51,8,5,2,0,Poor,Low,100000,2000,100.0,Reject,1000.0
899,58,6,1,2,4,Fair,Low,100000,1000,100.0,Reject,2000.0
900,52,8,2,3,1,Fair,Medium,25000,1000,100.0,Reject,500.0
901,18,17,4,0,1,Poor,Medium,100000,500,100.0,Reject,4000.0
902,38,11,4,2,2,Fair,High,50000,500,100.0,Reject,2000.0
903,65,7,4,1,4,Good,Medium,100000,500,100.0,Reject,4000.0
904,72,7,3,0,0,Excellent,Medium,250000,1000,60.5,Approve with Adjusted Premium,4012.5
905,23,17,0,2,1,Poor,Medium,250000,1000,100.0,Reject,5000.0
906,45,19,4,0,4,Fair,High,250000,250,100.0,Reject,20000.0
907,34,14,1,1,4,Good,Low,25000,2000,93.0,Reject,241.25
908,22,6,4,2,0,Poor,Medium,50000,250,100.0,Reject,4000.0
909,48,10,3,1,4,Fair,High,100000,2000,100.0,Reject,1000.0
910,22,19,5,3,4,Poor,High,50000,250,100.0,Reject,4000.0
911,55,15,1,2,4,Fair,High,50000,1000,100.0,Reject,1000.0
912,20,3,3,2,1,Poor,Low,250000,250,100.0,Reject,20000.0
913,70,5,5,2,0,Good,Medium,250000,2000,100.0,Reject,2500.0
914,40,2,1,2,4,Good,High,250000,500,100.0,Reject,10000.0
915,54,8,2,3,4,Excellent,Low,25000,2000,100.0,Reject,250.0
916,70,9,0,2,1,Poor,High,50000,500,100.0,Reject,2000.0
917,54,13,0,0,0,Excellent,High,50000,1000,54.5,Approve with Adjusted Premium,772.5
918,27,10,3,2,2,Poor,High,25000,2000,100.0,Reject,250.0
919,27,17,5,3,1,Fair,High,25000,250,100.0,Reject,2000.0
920,36,11,0,2,0,Fair,High,25000,2000,96.5,Reject,245.62
921,34,11,5,0,4,Excellent,Low,50000,500,100.0,Reject,2000.0
922,38,12,5,3,0,Poor,Medium,50000,1000,100.0,Reject,1000.0
923,31,12,3,3,0,Excellent,Medium,250000,250,100.0,Reject,20000.0
924,26,18,3,0,0,Good,Medium,250000,2000,82.0,Refer to Underwriter,2275.0
925,63,18,3,0,2,Excellent,Medium,50000,500,93.0,Reject,1930.0
926,18,13,0,0,0,Excellent,Low,250000,250,29.5,Approve,12950.0
927,68,3,3,0,2,Fair,Low,25000,1000,75.5,Refer to Underwriter,438.75
928,62,12,0,0,4,Excellent,Low,100000,250,60.0,Approve with Adjusted Premium,6400.0
929,30,7,3,3,2,Poor,High,250000,1000,100.0,Reject,5000.0
930,21,18,4,3,4,Fair,High,50000,250,100.0,Reject,4000.0
931,18,11,5,2,4,Excellent,High,250000,2000,100.0,Reject,2500.0
932,66,17,3,2,2,Good,Medium,250000,500,100.0,Reject,10000.0
933,57,5,1,1,1,Excellent,High,250000,2000,75.5,Refer to Underwriter,2193.75
934,49,17,5,2,3,Excellent,Medium,100000,2000,100.0,Reject,1000.0
935,51,18,5,2,0,Excellent,High,25000,1000,100.0,Reject,500.0
936,45,4,3,0,3,Fair,Medium,50000,1000,95.0,Reject,975.0
937,48,8,2,0,0,Poor,High,100000,1000,92.0,Reject,1920.0
938,25,2,3,2,0,Good,High,50000,2000,100.0,Reject,500.0
939,56,9,5,1,4,Excellent,Low,50000,250,100.0,Reject,4000.0
940,43,18,1,0,0,Poor,High,50000,250,97.0,Reject,3940.0
941,51,2,5,2,0,Poor,High,100000,2000,100.0,Reject,1000.0
942,71,14,1,2,2,Fair,Low,25000,2000,100.0,Reject,250.0
943,71,0,0,3,3,Good,Medium,50000,500,94.0,Reject,1940.0
944,20,6,4,1,2,Fair,Low,25000,1000,100.0,Reject,500.0
945,67,11,5,3,0,Poor,Low,25000,1000,100.0,Reject,500.0
946,29,16,3,1,4,Poor,Medium,250000,2000,100.0,Reject,2500.0
947,18,19,0,0,2,Poor,High,100000,2000,100.0,Reject,1000.0
948,71,4,4,1,2,Fair,Medium,100000,250,100.0,Reject,8000.0
949,61,3,3,2,1,Good,High,250000,2000,100.0,Reject,2500.0
950,22,11,2,2,0,Excellent,High,250000,250,100.0,Reject,20000.0
951,47,19,3,1,4,Fair,Medium,25000,2000,100.0,Reject,250.0
952,47,17,1,1,2,Poor,Low,50000,500,100.0,Reject,2000.0
953,74,16,1,1,2,Fair,Medium,100000,500,100.0,Reject,4000.0
954,34,18,2,3,4,Poor,High,50000,250,100.0,Reject,4000.0
955,65,8,0,1,0,Excellent,Medium,50000,1000,47.0,Approve with Adjusted Premium,735.0
956,64,3,4,0,1,Excellent,Medium,250000,500,72.5,Refer to Underwriter,8625.0
957,40,1,3,3,2,Good,High,50000,250,100.0,Reject,4000.0
958,32,3,1,3,1,Poor,Low,25000,2000,100.0,Reject,250.0
959,54,1,0,1,3,Good,Medium,250000,2000,65.5,Approve with Adjusted Premium,2068.75
960,38,14,2,0,0,Good,High,50000,250,81.0,Refer to Underwriter,3620.0
961,31,1,5,3,3,Excellent,High,250000,1000,100.0,Reject,5000.0
962,19,3,1,2,3,Fair,Medium,25000,250,100.0,Reject,2000.0
963,28,5,2,3,3,Fair,Low,25000,250,100.0,Reject,2000.0
964,68,6,3,1,0,Good,Medium,50000,500,79.0,Refer to Underwriter,1790.0
965,56,9,4,0,0,Excellent,Low,250000,250,63.5,Approve with Adjusted Premium,16350.0
966,55,18,1,1,4,Poor,Low,50000,250,100.0,Reject,4000.0
967,51,18,1,2,1,Fair,Low,50000,2000,100.0,Reject,500.0
968,55,11,3,2,1,Good,Low,250000,500,99.5,Reject,9975.0
969,67,2,5,2,4,Fair,Medium,50000,2000,100.0,Reject,500.0
970,51,12,0,1,4,Fair,High,25000,2000,100.0,Reject,250.0
971,35,17,4,3,3,Poor,High,250000,1000,100.0,Reject,5000.0
972,47,7,1,1,4,Excellent,High,250000,1000,100.0,Reject,5000.0
973,32,14,4,0,2,Poor,High,250000,500,100.0,Reject,10000.0
974,44,0,1,3,1,Excellent,High,250000,500,98.0,Reject,9900.0
975,68,2,4,2,4,Fair,High,50000,1000,100.0,Reject,1000.0
976,51,7,2,1,2,Good,Medium,50000,1000,86.5,Reject,932.5
977,69,3,1,2,2,Poor,Low,25000,1000,95.5,Reject,488.75
978,74,15,4,2,2,Excellent,High,100000,1000,100.0,Reject,2000.0
979,55,9,0,0,2,Fair,Medium,100000,1000,64.5,Approve with Adjusted Premium,1645.0
980,50,11,2,3,3,Excellent,High,25000,2000,100.0,Reject,250.0
981,41,13,2,0,2,Excellent,High,100000,500,90.5,Reject,3810.0
982,32,13,0,0,3,Excellent,Low,25000,2000,53.5,Approve with Adjusted Premium,191.88
983,47,1,4,0,3,Fair,Low,50000,2000,90.5,Reject,476.25
984,72,4,3,2,2,Good,Low,250000,250,97.0,Reject,19700.0
985,59,4,0,0,1,Good,High,250000,2000,54.0,Approve with Adjusted Premium,1925.0
986,68,5,4,0,2,Good,High,50000,1000,100.0,Reject,1000.0
987,34,12,0,3,2,Excellent,High,250000,1000,100.0,Reject,5000.0
988,22,8,0,3,2,Fair,Low,250000,250,98.0,Reject,19800.0
989,46,14,1,0,1,Excellent,Medium,100000,250,59.0,Approve with Adjusted Premium,6360.0
990,21,13,4,3,0,Good,High,50000,250,100.0,Reject,4000.0
991,27,6,3,3,0,Good,High,100000,250,100.0,Reject,8000.0
992,73,19,1,0,3,Fair,High,100000,250,100.0,Reject,8000.0
993,34,1,0,2,3,Excellent,Medium,250000,2000,75.5,Refer to Underwriter,2193.75
994,27,6,5,0,1,Poor,High,250000,250,100.0,Reject,20000.0
995,34,5,0,3,4,Poor,Medium,50000,2000,100.0,Reject,500.0
996,37,16,0,2,0,Good,High,250000,500,94.0,Reject,9700.0
997,41,1,4,1,3,Fair,Medium,250000,250,100.0,Reject,20000.0
998,22,2,4,2,0,Excellent,High,50000,250,100.0,Reject,4000.0
999,51,4,1,3,1,Excellent,Low,250000,2000,79.0,Refer to Underwriter,2237.5
1000,23,4,3,2,1,Good,Low,100000,500,89.0,Reject,3780.0
